ID,FirstName,LastName,Address,City,State,Postal,Checks
1127,KONG,KING,Empire State Building,New York,NY,10118,11007,1/4/12,30
1133,SIMPSON,HOMER,742 Evergreen Terrace,Springfield,US,12345,11010,1/4/12,30
1149,ADALBERTO,BUSTER,Somewhere on the Beach,,NY,46015,11018,1/8/12,30
1153,ADAN,CALEB,84 Bigboned Way,,ND,46019,11020,1/8/12,30
1163,AHMAD,CARLO,Empire State Building,,DC,46029,11025,1/12/12,30
1171,ALBERT,CARMEN,12 Main Street,,WA,46037,11029,1/16/12,30
1179,ALEC,CARROLL,742 Evergreen Terrace,,IN,46045,11033,1/17/12,45
1205,ALONZO,CHARLES,742 Evergreen Terrace,,TX,46071,11046,1/17/12,45
1213,ALVA,CHASE,55 Gnocchi,,NY,46079,11050,1/18/12,45
1245,ANTHONY,CLAUDE,111 Spaghetti Way,,IN,46111,11066,2/3/12,65
1253,ANTONE,CLEMENT,930 Purple drive,,TX,46119,11070,2/7/12,90
1255,ANTONIA,CLEMENTE,122 Maryland Ave.,,DC,46121,11071,2/8/12,90
1263,ARCHIE,CLIFF,The Alamo,,ND,46129,11075,2/9/12,90
1271,ARLIE,CLINTON,Empire State Building,,CA,46137,11079,2/9/12,90
1281,ARNULFO,COLEMAN,111 Spaghetti Way,,NJ,46147,11084,2/9/12,90
1287,ART,COLTON,742 Evergreen Terrace,,DC,46153,11087,2/10/12,90
1299,AUGUST,CORNELIUS,The Alamo,,NY,46165,11093,2/16/12,30
1311,BARNEY,CRAIG,146 Keenan Hall,,DC,46177,11099,2/22/12,30
1343,BERNARDO,DANA,55 Gnocchi,,WA,46209,11115,2/25/12,30
1353,BILL,DANNIE,1600 Pennsylvania Ave,,US,46219,11120,2/25/12,30
1357,BILLY,DANTE,The Alamo,,CA,46223,11122,2/25/12,30
1359,BLAINE,DARELL,821 Zimbabwe Ave,,NM,46225,11123,2/25/12,30
1405,DONG,DEL,146 Keenan Hall,,WA,46271,11146,3/12/12,55
1409,DONNELL,DELMAR,12 Main Street,,NY,46275,11148,3/14/12,55
1431,DREW,DERRICK,821 Zimbabwe Ave,,NY,46297,11159,3/25/12,65
1441,DUSTY,DEWAYNE,146 Keenan Hall,,IN,46307,11164,3/30/12,65
1209,ALPHONSO,CHARLIE,111 Spaghetti Way,,WA,46075,11048,1/17/12,45
1275,ARMANDO,CODY,146 Keenan Hall,,NV,46141,11081,2/9/12,90
1285,ARRON,COLLIN,55 Gnocchi,,FL,46151,11086,2/9/12,90
1297,AUBREY,COREY,84 Bigboned Way,,NY,46163,11092,2/15/12,30
1323,BEAU,CYRIL,742 Evergreen Terrace,,NY,46189
1339,BENTON,DAMON,111 Spaghetti Way,,TX,46205,11113,2/25/12,30
1371,BOBBY,DARON,742 Evergreen Terrace,,FL,46237,11129,2/25/12,55
1391,DOMENIC,DAVE,84 Bigboned Way,,US,46257,11139,3/5/12,55
1261,ANTWAN,CLEVELAND,84 Bigboned Way,,NY,46127,11074,2/9/12,90
1295,ASHLEY,CORDELL,1600 Pennsylvania Ave,,WA,46161,11091,2/14/12,30
1329,BENITO,DALLAS,Empire State Building,,US,46195,11108,2/25/12,30
1333,BENNETT,DAMIAN,146 Keenan Hall,,FL,46199,11110,2/25/12,30
1381,DIEGO,DARRIN,742 Evergreen Terrace,,WA,46247,11134,2/29/12,55
1387,DION,DARWIN,Somewhere on the Beach,,ND,46253,11137,3/3/12,55
1217,ALVIN,CHESTER,930 Purple drive,,IN,46083,11052,1/20/12,65
1223,AMOS,CHONG,1600 Pennsylvania Ave,,FL,46089,11055,1/23/12,65
1243,ANIBAL,CLAUD,12 Main Street,,US,46109,11065,2/2/12,65
1257,ANTONIO,CLEO,Somewhere on the Beach,,WA,46123,11072,2/9/12,90
1273,ARMAND,CLYDE,1313 Mockingbird Lane,,NM,46139,11080,2/9/12,90
1291,ARTURO,CONNIE,122 Maryland Ave.,,TX,46157,11089,2/12/12,30
1327,BENEDICT,DALE,194 Deelux Apartments,,IN,46193,11107,2/25/12,30
1349,BERT,DANIEL,122 Maryland Ave.,,ND,46215,11118,2/25/12,30
1389,DIRK,DARYL,1600 Pennsylvania Ave,,IN,46255,11138,3/4/12,55
1139,ABDUL,BUDDY,123 Lasagna,,DC,46005,11013,1/4/12,30
1191,ALFONZO,CEDRIC,The Alamo,,MI,46057
1207,ALPHONSE,CHARLEY,12 Main Street,,DC,46073,11047,1/17/12,45
1231,ANDREAS,CHRISTOPHER,1 Microsoft Way,,DC,46097,11059,1/27/12,65
1283,ARON,COLIN,123 Lasagna,,OR,46149,11085,2/9/12,90
1335,BENNIE,DAMIEN,742 Evergreen Terrace,,DC,46201,11111,2/25/12,30
1361,BLAIR,DAREN,1 Microsoft Way,,NV,46227,11124,2/25/12,55
1377,DEXTER,DARREN,123 Lasagna,,TX,46243,11132,2/27/12,55
1319,BARTON,CURT,123 Lasagna,,WA,46185,11103,2/25/12,30
1337,BENNY,DAMION,12 Main Street,,CO,46203,11112,2/25/12,30
1121,DOE,JANE,821 Zimbabwe Ave,Washington,DC,20021,11004,1/4/12,30
1185,ALEXANDER,CARY,Somewhere on the Beach,,CA,46051,11036,1/17/12,45
1193,ALFRED,CEDRICK,821 Zimbabwe Ave,,MD,46059,11040,1/17/12,45
1265,ARDEN,CLIFFORD,821 Zimbabwe Ave,,IN,46131,11076,2/9/12,90
1355,BILLIE,DANNY,84 Bigboned Way,,IN,46221,11121,2/25/12,30
1379,DICK,DARRICK,55 Gnocchi,,DC,46245,11133,2/28/12,55
1397,DOMINICK,DEAN,1 Microsoft Way,,DC,46263,11142,3/8/12,55
1425,DOUGLAS,DEON,1600 Pennsylvania Ave,,TX,46291,11156,3/22/12,65
1259,ANTONY,CLETUS,1600 Pennsylvania Ave,,NY,46125,11073,2/9/12,90
1279,ARNOLDO,COLE,12 Main Street,,MD,46145,11083,2/9/12,90
1403,DONALD,DEE,1313 Mockingbird Lane,,DC,46269,11145,3/11/12,55
1183,ALEX,CARTER,122 Maryland Ave.,,IN,46049,11035,1/17/12,45
1187,ALEXIS,CASEY,1600 Pennsylvania Ave,,NM,46053,11037,1/17/12,45
1237,ANDY,CLAIR,1313 Mockingbird Lane,,NY,46103,11062,1/30/12,65
1433,DUANE,DESHAWN,1 Microsoft Way,,NY,46299,11160,3/26/12,65,11024,1/11/12,30
1165,AHMED,CARLOS,1313 Mockingbird Lane,,CO,46031,11026,1/13/12,30
1167,AL,CARLTON,146 Keenan Hall,,TX,46033,11027,1/14/12,30
1415,DONOVAN,DEMETRIUS,55 Gnocchi,,US,46281,11151,3/17/12,55
1439,DUSTIN,DEVON,1313 Mockingbird Lane,,US,46305,11163,3/29/12,65
1229,ANDREA,CHRISTOPER,821 Zimbabwe Ave,,TX,46095,11058,1/26/12,65
1235,ANDREW,CHUNG,Empire State Building,,NY,46101,11061,1/29/12,65
1437,DUNCAN,DEVIN,Empire State Building,,IN,46303,11162,3/28/12,65
1155,ADOLFO,CALVIN,The Alamo,,IN,46021,11021,1/8/12,30
1181,ALEJANDRO,CARSON,930 Purple drive,,US,46047,11034,1/17/12,45
1317,BART,CRUZ,111 Spaghetti Way,,DC,46183,11102,2/25/12,30
1419,DORIAN,DENNIS,930 Purple drive,,FL,46285,11153,3/19/12,65
1143,ABEL,BURL,742 Evergreen Terrace,,TX,46009,11015,1/6/12,30
1151,ADAM,BYRON,1600 Pennsylvania Ave,,NY,46017,11019,1/8/12,30
1239,ANGEL,CLARENCE,146 Keenan Hall,,ND,46105,11063,1/31/12,65
1341,BERNARD,DAN,123 Lasagna,,DC,46207,11114,2/25/12,30
1443,DWAIN,DEWEY,742 Evergreen Terrace,,CA,46309,11165,3/31/12,65
1201,ALLEN,CHANCE,1313 Mockingbird Lane,,DC,46067,11044,1/17/12,45
1129,MUNSTER,HERMAN,1313 Mockingbird Lane,Fargo,ND,58102,11008,1/4/12,30
1159,ADRIAN,CAREY,1 Microsoft Way,,IN,46025,11023,1/10/12,30
1189,ALFONSO,CECIL,84 Bigboned Way,,NV,46055,11038,1/17/12,45
1195,ALFREDO,CESAR,1 Microsoft Way,,NJ,46061,11041,1/17/12,45
1199,ALLAN,CHADWICK,Empire State Building,,FL,46065,11043,1/17/12,45
1203,ALONSO,CHANG,146 Keenan Hall,,CO,46069,11045,1/17/12,45
1401,DON,DEANGELO,Empire State Building,,TX,46267,11144,3/10/12,55
1147,ABRAM,BURTON,122 Maryland Ave.,,WA,46013,11017,1/8/12,30
1157,ADOLPH,CAMERON,821 Zimbabwe Ave,,US,46023,11022,1/9/12,30
1219,AMADO,CHET,122 Maryland Ave.,,US,46085,11053,1/21/12,65
1233,ANDRES,CHUCK,194 Deelux Apartments,,WA,46099,11060,1/28/12,65
1307,AUSTIN,COURTNEY,Empire State Building,,IN,46173,11097,2/20/12,30
1169,ALAN,CARMELO,742 Evergreen Terrace,,DC,46035,11028,1/15/12,30
1385,DINO,DARRYL,122 Maryland Ave.,,NY,46251,11136,3/2/12,55
1427,DOUGLASS,DEREK,84 Bigboned Way,,DC,46293,11157,3/23/12,65
1421,DORSEY,DENNY,122 Maryland Ave.,,DC,46287,11154,3/20/12,65
1293,ASA,CONRAD,Somewhere on the Beach,,DC,46159,11090,2/13/12,30
1345,BERNIE,DANE,742 Evergreen Terrace,,NY,46211,11116,2/25/12,30
1413,DONNY,DEMARCUS,123 Lasagna,,IN,46279,11150,3/16/12,55
1131,ROCKNE,KNUTE,146 Keenan Hall,Notre Dame,IN,46556,11009,1/4/12,30
1115,BUSH,GEORGE,1600 Pennsylvania Ave,Washington,DC,20500,11001,1/4/12,30
1423,DOUG,DENVER,Somewhere on the Beach,,CO,46289
1117,CARTMAN,ERIC,84 Bigboned Way,South Park,CO,84214,11002,1/4/12,30
1267,ARIEL,CLIFTON,1 Microsoft Way,,US,46133,11077,2/9/12,90
1347,BERRY,DANIAL,930 Purple drive,,NY,46213,11117,2/25/12,30
1365,BO,DARIO,Empire State Building,,MD,46231,11126,2/25/12,55
1375,DEWITT,DARRELL,111 Spaghetti Way,,CO,46241,11131,2/26/12,55
1407,DONN,DELBERT,742 Evergreen Terrace,,NY,46273,11147,3/13/12,55
1227,ANDRE,CHRISTIAN,The Alamo,,CO,46093,11057,1/25/12,65
1373,BOOKER,DARREL,12 Main Street,,DC,46239,11130,2/25/12,55
1247,ANTIONE,CLAUDIO,123 Lasagna,,FL,46113,11067,2/4/12,65
1325,BEN,CYRUS,930 Purple drive,,ND,46191,11106,2/25/12,30
1211,ALTON,CHAS,123 Lasagna,,NY,46077,11049,1/17/12,45
1315,BARRY,CRISTOPHER,12 Main Street,,TX,46181,11101,2/24/12,30
1135,SMITH,BOB,12 Main Street,Anytown,IN,46001,11011,1/4/12,30
1249,ANTOINE,CLAY,55 Gnocchi,,DC,46115,11068,2/5/12,65
1269,ARLEN,CLINT,194 Deelux Apartments,,IN,46135,11078,2/9/12,90
1429,DOYLE,DERICK,The Alamo,,WA,46295,11158,3/24/12,65
1277,ARNOLD,COLBY,742 Evergreen Terrace,,MI,46143,11082,2/9/12,90
1221,AMBROSE,CHI,Somewhere on the Beach,,IN,46087,11054,1/22/12,65
1331,BENJAMIN,DALTON,1313 Mockingbird Lane,,IN,46197,11109,2/25/12,30,11155,3/21/12,65
1173,ALBERTO,CARMINE,111 Spaghetti Way,,NY,46039,11030,1/17/12,30
1309,AVERY,COY,1313 Mockingbird Lane,,FL,46175,11098,2/21/12,30
1123,GATES,BILL,1 Microsoft Way,Redmond,WA,98052,11005,1/4/12,30
1363,BLAKE,DARIN,194 Deelux Apartments,,MI,46229
1383,DILLON,DARRON,930 Purple drive,,NY,46249,11135,3/1/12,55
1393,DOMINGO,DAVID,The Alamo,,IN,46259,11140,3/6/12,55
1399,DOMINIQUE,DEANDRE,194 Deelux Apartments,,CO,46265
1411,DONNIE,DELMER,111 Spaghetti Way,,ND,46277,11149,3/15/12,55,11125,2/25/12,55,11105,2/25/12,30
1289,ARTHUR,COLUMBUS,930 Purple drive,,CO,46155,11088,2/11/12,30
1303,AUGUSTUS,CORTEZ,1 Microsoft Way,,IN,46169,11095,2/18/12,30
1119,CROCKETT,DAVEY,The Alamo,San Antonio,TX,78210,11003,1/4/12,30
1141,ABE,BUFORD,55 Gnocchi,,CO,46007,11014,1/5/12,30
1321,BASIL,CURTIS,55 Gnocchi,,NY,46187,11104,2/25/12,30
1301,AUGUSTINE,CORNELL,821 Zimbabwe Ave,,ND,46167,11094,2/17/12,30
1395,DOMINIC,DAVIS,821 Zimbabwe Ave,,FL,46261,11141,3/7/12,55
1111,CHRISTIE,LEDEKER,122 Maryland Ave.,Westminster,MD,21157     ,10999,1/4/12,30
1225,ANDERSON,CHRIS,84 Bigboned Way,,DC,46091,11056,1/24/12,65
1241,ANGELO,CLARK,742 Evergreen Terrace,,IN,46107,11064,2/1/12,65
1313,BARRETT,CRISTOBAL,742 Evergreen Terrace,,CO,46179,11100,2/23/12,30
1369,BOBBIE,DARNELL,146 Keenan Hall,,OR,46235,11128,2/25/12,55
1417,DONTE,DENIS,742 Evergreen Terrace,,IN,46283,11152,3/18/12,65
1215,ALVARO,CHAUNCEY,742 Evergreen Terrace,,ND,46081,11051,1/19/12,45
1305,AURELIO,CORY,194 Deelux Apartments,,US,46171,11096,2/19/12,30
1351,BERTRAM,DANILO,Somewhere on the Beach,,IN,46217,11119,2/25/12,30
1137,AARON,UD,111 Spaghetti Way,,FL,46003,11012,1/4/12,30
1367,BOB,DARIUS,1313 Mockingbird Lane,,NJ,46233,11127,2/25/12,55
